Sex,W,p
Female,2.862247590622061,0.04711790344389257
