Sex,W,p
Male,1.1959137062082943,0.34627489575618664
