Dose,N,Mean,SD,SEM,Lower CI,Upper CI,CV,Median,Q1,Q3,Min,Max
0,4.0,4674.0,1737.1653154876578,868.5826577438289,1909.7823300291661,7438.217669970834,0.3716656644175562,4835.0,3537.25,5971.75,2650.0,6376.0
100,4.0,4912.25,1727.2414181771658,863.6207090885829,2163.8234651940643,7660.676534805936,0.35161920060606966,4716.0,3772.5,5855.75,3144.0,7073.0
300,4.0,2878.5,1839.3028570629688,919.6514285314844,-48.24129087941674,5805.241290879417,0.6389796272582834,2813.5,2028.0,3664.0,720.0,5167.0
600,3.0,1703.6666666666667,694.9347691210545,401.22077602127126,-22.647000492060442,3429.980333825394,0.4079053624267586,1986.0,1449.0,2099.5,912.0,2213.0
900,4.0,1394.0,697.7124527100449,348.85622635502244,283.7837913610483,2504.2162086389517,0.5005110851578515,1315.0,992.5,1716.5,652.0,2294.0
1200,4.0,596.75,195.99383493705443,97.99691746852722,284.8800720730387,908.6199279269613,0.32843541673574267,690.5,588.75,698.5,303.0,703.0
