term,sum_sq,df,F,PR(>F)
C(Dose),106682315.08333331,2.0,42.506340379338,1.518575339509496e-07
C(Sex),4633209.375000007,1.0,3.6920978812402567,0.07064962947575472
C(Dose):C(Sex),3049907.24999999,2.0,1.2152004349797212,0.31986045661833845
Residual,22588179.25,18.0,,
